horizon,rmse,mae
1,74.27709535207195,57.72611301369863
2,75.90951108505196,59.015298587328765
3,87.8486626138742,68.24494294467037
4,103.69968213631526,81.71052446757277
5,119.32067165781164,96.33820065014983
6,133.4547591967574,111.16660223137842
7,138.6714397925732,116.05947466288528
8,164.7786685203915,134.5628775818707
9,193.7828524711055,159.21166824967895
10,162.41016728048902,133.98419406838613
11,132.6013288008667,108.22966174818065
12,123.37625286893805,100.2808265999572
13,127.53530792845963,100.06538554152397
14,141.23326923896127,107.87064359482021
15,164.24911111887852,125.7200981244649
16,174.57565553097385,135.82734675995292
17,193.7380420816906,155.24476803296233
18,197.19518916362028,155.00677640732022
19,189.54037397565088,146.84929098886985
20,183.7822103896878,141.82203419306506
21,175.97534236282436,135.57065396243578
22,170.92308048685672,130.42216796875
23,171.01229978849537,134.01394477739726
24,198.13919449355149,160.31321837542808
